method,seed,score,coverage,coverage_fraction,duration,test_count,seconds,evaluations,local_evaluations,feasible
GA,47000,101.93,102,1.0,49,10,0.196394539000039,5184,0,1
GA,47001,101.92571428571429,102,1.0,52,9,0.18456461699997817,5184,0,1
GA,47002,101.92714285714285,102,1.0,51,9,0.1869908700000451,5184,0,1
GA,47003,101.92714285714285,102,1.0,51,9,0.1844496330000993,5184,0,1
GA,47004,101.92428571428572,102,1.0,53,9,0.19477032400004646,5184,0,1
GA,47005,101.92285714285714,102,1.0,54,9,0.1839988550000271,5184,0,1
GA,47006,101.92714285714285,102,1.0,51,9,0.1856197859999611,5184,0,1
GA,47007,101.92714285714285,102,1.0,51,9,0.1799680190000572,5184,0,1
GA,47008,101.91857142857143,102,1.0,57,10,0.19267214600006355,5184,0,1
GA,47009,101.92285714285714,102,1.0,54,9,0.1887470059999714,5184,0,1
GA,47010,101.92857142857143,102,1.0,50,8,0.1816837009999972,5184,0,1
GA,47011,101.92285714285714,102,1.0,54,9,0.18231849799997235,5184,0,1
GA,47012,101.93,102,1.0,49,10,0.18649931199990988,5184,0,1
GA,47013,101.93,102,1.0,49,10,0.17895065699997303,5184,0,1
GA,47014,101.92285714285714,102,1.0,54,9,0.1961752700000261,5184,0,1
GA,47015,101.92714285714285,102,1.0,51,9,0.19450803000006545,5184,0,1
GA,47016,101.92857142857143,102,1.0,50,8,0.1762949879999951,5184,0,1
GA,47017,101.92714285714285,102,1.0,51,9,0.1895979079999961,5184,0,1
GA,47018,101.92714285714285,102,1.0,51,9,0.17939599700002873,5184,0,1
GA,47019,101.93,102,1.0,49,10,0.17695236800000202,5184,0,1
GA,47020,101.92714285714285,102,1.0,51,9,0.17905092800003786,5184,0,1
GA,47021,101.92428571428572,102,1.0,53,9,0.2225546890000487,5184,0,1
GA,47022,101.92714285714285,102,1.0,51,9,0.1829390919999696,5184,0,1
GA,47023,101.92714285714285,102,1.0,51,9,0.1791971069999363,5184,0,1
GA,47024,101.92857142857143,102,1.0,50,8,0.19433328699994945,5184,0,1
GA,47025,101.93,102,1.0,49,10,0.18194448400004148,5184,0,1
GA,47026,101.92285714285714,102,1.0,54,9,0.17996019600002455,5184,0,1
GA,47027,101.92857142857143,102,1.0,50,8,0.17672265200008042,5184,0,1
GA,47028,101.92857142857143,102,1.0,50,8,0.20298392199993032,5184,0,1
GA,47029,101.92428571428572,102,1.0,53,9,0.18800288600004933,5184,0,1
Memetic-GA,47000,101.92857142857143,102,1.0,50,8,0.1445757600000661,5184,3774,1
Memetic-GA,47001,101.92857142857143,102,1.0,50,8,0.1474924720000672,5184,3783,1
Memetic-GA,47002,101.92857142857143,102,1.0,50,8,0.14326652899990222,5184,3768,1
Memetic-GA,47003,101.92857142857143,102,1.0,50,8,0.1465825609999456,5184,3774,1
Memetic-GA,47004,101.92714285714285,102,1.0,51,9,0.14987819399993896,5184,3851,1
Memetic-GA,47005,101.92714285714285,102,1.0,51,9,0.14990204900004755,5184,3752,1
Memetic-GA,47006,101.92857142857143,102,1.0,50,8,0.1492387600000029,5184,3767,1
Memetic-GA,47007,101.92714285714285,102,1.0,51,9,0.1496036409999988,5184,3718,1
Memetic-GA,47008,101.92714285714285,102,1.0,51,9,0.1494531939999888,5184,3763,1
Memetic-GA,47009,101.92857142857143,102,1.0,50,8,0.14747546499995678,5184,3805,1
Memetic-GA,47010,101.92714285714285,102,1.0,51,9,0.1482772430000523,5184,3778,1
Memetic-GA,47011,101.92714285714285,102,1.0,51,9,0.1530115210000531,5184,3778,1
Memetic-GA,47012,101.92714285714285,102,1.0,51,9,0.15184637699996983,5184,3800,1
Memetic-GA,47013,101.93,102,1.0,49,10,0.1561559250000073,5184,3807,1
Memetic-GA,47014,101.92714285714285,102,1.0,51,9,0.14615566899999521,5184,3762,1
Memetic-GA,47015,101.92714285714285,102,1.0,51,9,0.147388034999949,5184,3777,1
Memetic-GA,47016,101.92285714285714,102,1.0,54,10,0.1522820730000376,5184,3781,1
Memetic-GA,47017,101.92714285714285,102,1.0,51,9,0.15331710199995996,5184,3738,1
Memetic-GA,47018,101.92714285714285,102,1.0,51,9,0.15177005199996074,5184,3779,1
Memetic-GA,47019,101.92571428571429,102,1.0,52,10,0.14510518700001285,5184,3741,1
Memetic-GA,47020,101.93,102,1.0,49,10,0.15490000499994494,5184,3680,1
Memetic-GA,47021,101.92714285714285,102,1.0,51,9,0.14725480399999924,5184,3753,1
Memetic-GA,47022,101.92714285714285,102,1.0,51,9,0.14672023899993292,5184,3856,1
Memetic-GA,47023,101.92714285714285,102,1.0,51,9,0.1459738749999815,5184,3711,1
Memetic-GA,47024,101.92714285714285,102,1.0,51,9,0.1456153850000419,5184,3869,1
Memetic-GA,47025,101.92714285714285,102,1.0,51,10,0.15195201099993483,5184,3743,1
Memetic-GA,47026,101.93,102,1.0,49,10,0.1498020929999484,5184,3766,1
Memetic-GA,47027,101.92714285714285,102,1.0,51,9,0.14560872100003053,5184,3798,1
Memetic-GA,47028,101.92857142857143,102,1.0,50,8,0.14681217199995444,5184,3792,1
Memetic-GA,47029,101.92714285714285,102,1.0,51,8,0.15214512199997898,5184,3728,1
